cluster,hp,attack,defense,sp_attack,sp_defense,speed
0,72.11969111969113,83.7876447876448,63.98455598455598,79.17760617760618,71.35135135135135,92.52509652509653
1,78.67293233082707,88.39097744360902,101.87218045112782,73.30827067669173,86.37218045112782,51.1578947368421
2,92.74850299401197,115.2934131736527,94.08383233532935,114.64670658682634,99.42514970059881,98.27544910179641
3,48.901785714285715,53.26190476190476,51.12797619047619,46.476190476190474,47.895833333333336,49.01488095238095
